{"0091d30d-f789-49ed-b468-e098f04a64ea":"/resources/mit6_100l_f22_lec12_pdf/data.json","01d4ffe2-aed1-4046-9785-7ebe6d5bc8b8":"/pages/lecture-12-list-comprehension-functions-as-objects-testing-debugging/data.json","0243de68-95d0-4e4f-9c8c-2be49e9e7e2d":"/resources/mit6_100l_f22_ps1_pdf/data.json","050f4e58-065d-4cb6-866d-68422edebd26":"/resources/6100l-lecture-16-multi-version-2_mp4/data.json","05299fa3-1bb6-476a-a107-7b2a81f5c02b":"/resources/mit6_100l_f22_ex12_sol_pdf/data.json","0696c1c8-078c-42db-b4c3-f6fe8614733d":"/resources/mit6_100l_f22_ex22_sol_pdf/data.json","06c108d1-9088-4d8e-a635-92c098c8c51a":"/resources/mit6_100l_f22_lec10_pdf/data.json","09cc8ba7-41a4-4a04-ad76-0da3be0b235c":"/resources/mit6_100l_f22_lec14_pdf/data.json","0a52b5d2-0cb4-4271-b63d-86a599807c98":"/resources/6100l-lecture-7-multi_mp4/data.json","0a8e2220-17b1-4d76-b5e1-919a4c70948c":"/pages/lecture-13-exceptions-assertions/data.json","0e898f52-9600-402a-b56d-cad0031bd728":"/resources/6100l-lecture-9-version-2_mp4/data.json","13f99432-07b9-431f-8666-d6d57e0811a1":"/resources/mit6_100l_f22_lec13_code_py/data.json","15b66cf3-1510-4ee8-96ab-80c8c1eb98fe":"/resources/6100l-lecture-15-version-2_mp4/data.json","17e4ba71-fc0a-477d-b067-0b693cff31b2":"/resources/mit6_100l_f22_lec14_code_py/data.json","19848ab8-527a-4ee8-bc89-09dbc3be9650":"/resources/mit6_100l_f22_lec19_pdf/data.json","1e381fb2-73e2-4247-b3cc-32db683c5956":"/resources/mit6_100l_f22_ps3_code_zip/data.json","1f1daa4b-4ed9-4bac-8371-db21d79dc87f":"/lists/recitations/data.json","21c977d4-756e-4fd5-bd9e-4d7813afb318":"/pages/lecture-2-strings-inputoutput-branching/data.json","23f67ac4-49b3-44b1-8e04-0650ffb5bef1":"/resources/mit6_100l_f22_lec02_pdf/data.json","24b31d1e-80df-47fa-aebe-835fdc6627ba":"/lists/lecture-notes/data.json","26e142cc-cd9b-4d03-a760-9cab2992f848":"/resources/mit6_100l_f22_ex18_sol_pdf/data.json","2739dd59-2c2f-4374-9092-1fb3cf67569b":"/resources/mit6_100l_f22_ps1_code_zip/data.json","28d6b3b4-e5cd-4e6c-a556-076346f9e63b":"/resources/mit6_100l_f22_ex11_sol_pdf/data.json","33361144-b0f2-4bd9-bdc2-6e35207f7667":"/resources/mit6_100l_f22_ex04_sol_pdf/data.json","33387e15-3290-4a37-8e36-3112b50a5cc8":"/resources/mit6_100l_f22_lec20_code_zip/data.json","3341ae78-633c-4b15-93a9-d81d38189343":"/resources/mit6_100l_f22_lec15_pdf/data.json","33c3d16a-3969-4da6-87e9-b372345b2708":"/resources/mit6_100l_f22_rec09_zip/data.json","3458dc59-e066-42a6-a868-ced63c68c75e":"/resources/mit6_100l_f22_lec16_pdf/data.json","351b1872-ab83-4d8d-9977-81e3c60de3ec":"/resources/mit6_100l_f22_ex03_sol_pdf/data.json","3596057b-1058-438b-a4bd-41b704e83257":"/resources/mit6_100l_f22_ps4_code_zip/data.json","368787d0-c418-44da-aa7a-e7214a3abed7":"/resources/6100l-lecture-6-multi-version-3_mp4/data.json","37891806-f719-48e6-ae08-b579feb8bc30":"/resources/mit6_100l_f22_lec20_pdf/data.json","38af47b6-27d7-4884-a7a8-897fad1be0c8":"/resources/mit6_100l_f22_ps2_pdf/data.json","38c103a5-b6c0-4086-9308-496d1448aaa1":"/resources/mit6_100l_f22_ex20_sol_pdf/data.json","3b146d3b-760f-40cd-9d76-1aeb36de3923":"/resources/mit6_100l_f22_lec25_pdf/data.json","3ee83421-5f60-42a9-863c-8483328d05cf":"/resources/mit6_100l_f22_lec09_code_py/data.json","3f3b7c7e-d302-482b-978d-c9024c9256da":"/resources/mit6_100l_f22_ex19_sol_pdf/data.json","41511576-424d-4289-95d6-b12e27279216":"/resources/6100l-lecture-2-multi-version-4_1_captions_vtt/data.json","4477df1f-2c50-4442-ae86-df50ec550096":"/resources/mit6_100l_f22_lec05_pdf/data.json","4546213e-044c-4ec3-b829-de2ad782b289":"/resources/mit6_100l_f22_lec17_code_py/data.json","45c31974-4b81-46fa-8021-59b99e10842e":"/pages/lecture-4-loops-over-strings-guess-and-check-binary/data.json","4740b756-1fa1-4d6c-90de-4e28f204c89a":"/resources/mit6_100l_f22_lec04_pdf/data.json","4aca9da5-1efb-4acf-b9c1-19823bd35c47":"/resources/6100l-lecture-1-version-2_mp4/data.json","4b9d4b61-69b4-46d3-91a3-1285a911e894":"/resources/mit6_100l_f22_ex09_sol_pdf/data.json","4c3c6c67-c344-44c7-a102-9885ae777997":"/resources/6100l-lecture-2-multi-version-4_1_transcript_pdf/data.json","4c6224af-c44d-4959-9639-a11ef9ef9caf":"/resources/mit6_100l_f22_ex15_sol_pdf/data.json","4e60fce2-a5eb-4826-adef-d82950712b8f":"/pages/lecture-17-python-classes/data.json","4ef9ff9c-217b-4a5d-9ee6-fd48afd4acee":"/resources/mit6_100l_f22_lec21_code_py/data.json","50f05ab7-f65f-4777-ae00-f4db4b14b1b8":"/pages/lecture-6-bisection-search/data.json","54022d47-33e2-4b23-a13b-eb9274c28f7f":"/resources/mit6_100l_f22_lec04_code_py/data.json","548e413b-8b3e-49e0-b400-336022e9f879":"/resources/mit6_100l_f22_lec12_code_zip/data.json","551ce7b0-10f3-4e19-b6e8-7187c6985f8b":"/pages/syllabus/data.json","578b1e6c-acf0-4fc6-a697-8769b51c4009":"/pages/lecture-26-list-access-hashing-simulations-and-wrap-up/data.json","584f817a-680f-46d0-87c8-2c5b5729fe5f":"/pages/lecture-10-lists-mutability/data.json","59997c48-dfd5-41e8-a9ff-403d43eec3ad":"/resources/mit6_100l_f22_ex14_sol_pdf/data.json","5cbf72a3-ef9a-40f8-b348-6cd9015e8ca9":"/resources/mit6_100l_f22_ex17_sol_pdf/data.json","5d4f1c75-0668-4156-83d5-065bbd93bbeb":"/resources/6100l-lecture-25-multi_mp4/data.json","63fab640-ae34-48b4-95ac-28264049fbc5":"/resources/mit6_100l_f22_ex16_sol_pdf/data.json","6465d71f-138e-499b-b677-24a126fdf9ec":"/resources/mit6_100l_f22_lec01_code_py/data.json","6517f093-7a1d-42bb-8bb7-61300eca5df4":"/resources/mit6_100l_f22_lec10_code_py/data.json","66e35bdc-370a-482f-a7ab-e39921067289":"/resources/mit6_100l_f22_lec13_pdf/data.json","674aa26c-e3ba-404c-bb43-4cd3ee54bced":"/resources/mit6_100l_f22_lec06_code_py/data.json","675dbf02-ed30-4bc9-b714-859e5c51dbb6":"/resources/6100l-lecture-8-version-2_mp4/data.json","6782a494-6ec2-4ced-94e8-26f75d39feb3":"/resources/mit6_100l_f22_lec16_code_py/data.json","67d1f1a7-8b02-41bc-a722-b81ed7d976d4":"/resources/mit6_100l_f22_lec15_code_py/data.json","67feac60-4f1e-4c08-b688-507c9f8b48e5":"/resources/6100l-lecture-18-multi-version-2_mp4/data.json","689cf52a-0586-489e-ac3e-d528a3554eb8":"/pages/calendar/data.json","6abf583f-c3f4-4aac-afff-0a844129a38e":"/resources/mit6_100l_f22_ps5_pdf/data.json","6c848f97-ca43-44fc-ac0f-c88d999e251d":"/resources/mit6_100l_f22_lec03_pdf/data.json","723b2b5e-fb10-45e6-9c1d-13cf18a6d1be":"/resources/mit6_100l_f22_lec06_pdf/data.json","779f8072-21b3-47fa-adb9-e516ead07cae":"/resources/mit6_100l_f22_ex01_sol_pdf/data.json","7887b2cc-3d12-4dee-ab69-0de71020d95d":"/resources/mit6_100l_f22_ex06_sol_pdf/data.json","79349e1e-12d7-4a10-9fad-1df814fcd571":"/pages/lecture-25-plotting/data.json","7959702a-e454-4d33-aac2-dc91bf017b85":"/pages/lecture-9-lambda-functions-tuples-and-lists/data.json","7a65b576-e69f-48a5-9f30-4fba64c6a9e5":"/pages/lecture-21-timing-programs-counting-operations/data.json","7c42950b-dad5-4784-beb2-6c66c926eb81":"/resources/6100l-lecture-23-version-2_mp4/data.json","7fe22bff-9a38-4536-8e45-a0dac3d7f2aa":"/pages/lecture-18-more-python-class-methods/data.json","804254c0-f074-4249-ae47-156b0671dee2":"/resources/mit6_100l_f22_lec08_pdf/data.json","81bcae1c-892a-4334-b927-7a72d60a1476":"/resources/mit6_100l_f22_ex13_sol_pdf/data.json","81fb3dcd-c8aa-4ac2-8d62-33bc6fa056f5":"/resources/mit6_100l_f22_lec21_pdf/data.json","827549d1-4380-40fd-9eb4-5b241cb303a5":"/resources/mit6_100l_f22_rec06_zip/data.json","827a8606-61f4-4308-8eb3-0206d8be1b7c":"/pages/lecture-1-introduction/data.json","83cbab3d-a374-4b38-9277-4b97d8570df4":"/resources/6100l-lecture-3-multi_mp4/data.json","840981b5-96d0-4633-8768-f6ad92afff27":"/resources/mit6_100l_f22_ps0_pdf/data.json","84a7c1e4-914b-4b27-80f0-2820d67d2eec":"/resources/6100l-lecture-22-version-2_mp4/data.json","8508df66-d20e-4944-b70a-cbb517291269":"/pages/lecture-20-fitness-tracker-object-oriented-programming-example/data.json","85203d32-7cd8-4a6d-ad67-5fd3ae7a4c25":"/resources/mit6_100l_f22_rec08_zip/data.json","86b85be7-2da6-43de-ae54-1996c5ee48c9":"/pages/lecture-11-aliasing-cloning/data.json","897702c8-cb09-4dd5-a624-6efd7cbbe6d4":"/resources/mit6_100l_f22_lec18_pdf/data.json","8a9d842a-c8aa-49b1-97ff-54b302a2094b":"/pages/lecture-23-complexity-classes-examples/data.json","8ac8cd65-1068-4a4d-81db-cdf190435c23":"/resources/mit6_100l_f22_lec07_code_py/data.json","8bb1786c-fdea-4bef-b8ce-7a70a3e3b6ae":"/resources/mit6_100l_f22_lec24_pdf/data.json","8c9a3907-5b33-40e6-acfd-b118e0a3ca5b":"/resources/mit6_100l_f22_lec11_pdf/data.json","91ce0099-2767-49c3-8d73-27c2f141093e":"/pages/lecture-7-decomposition-abstraction-functions/data.json","92027d09-a6a3-4a8e-b356-393474f6dd61":"/pages/lecture-14-dictionaries/data.json","92c3f817-4f87-46f9-b259-0158f5eda651":"/resources/mit6_100l_f22_rec02_zip/data.json","9647bcb6-b55e-4c1b-b891-044b92008bc0":"/resources/mit6_100l_f22_lec23_pdf/data.json","97047ca2-d813-4298-b2be-552bce327e0c":"/resources/mit6_100l_f22_lec22_pdf/data.json","97865285-7c12-48d2-830f-273e7ea38610":"/resources/mit6_100l_f22_ps3_pdf/data.json","9aeddd91-0da2-47fa-ab9a-c41eff6a71a6":"/lists/problem-sets/data.json","9b3ecf05-86be-45dd-b64b-0290f5fa4a46":"/pages/lecture-19-inheritance/data.json","9c8c7b49-1fd9-4e60-bf3f-71902cca73a4":"/resources/6100l-lecture-21-version-2_mp4/data.json","9df98cc3-2dcf-4d5b-b052-b77c382c8bef":"/resources/6100l-lecture-10-version-3_1_mp4/data.json","9f88e15c-6f61-453e-b1c4-2418e3365824":"/resources/mit6_100l_f22_lec08_code_py/data.json","a0c26d54-1ed5-47e0-98e0-916a0dd70f76":"/resources/mit6_100l_f22_lec03_code_py/data.json","a0c365db-8e06-4f85-9bfc-d5db19ebde73":"/lists/lecture-code/data.json","a132b998-b1bd-417e-8858-76a8a833e112":"/resources/6100l-lecture-4-multi_mp4/data.json","a156e0b9-fb20-4ea0-a0fc-e8061f66a2d8":"/resources/mit6_100l_f22_ex10_sol_pdf/data.json","a5834ad9-03f5-4743-9fcc-ceca0e5a9e0d":"/resources/mit6_100l_f22_lec18_code_py/data.json","a654c98c-4dac-4f1e-b3be-c81212b15b6f":"/pages/lecture-16-recursion-on-non-numerics/data.json","a6dab17d-78aa-452d-a1e2-5e8293e961aa":"/pages/lecture-8-functions-as-objects/data.json","a92d96d0-35cc-4c49-a331-55d9931cbf99":"/resources/mit6_100l_f22_ex07_sol_pdf/data.json","aa2b5005-d48b-494b-a32d-1d89faba3e16":"/resources/mit6_100l_f22_ps0_code_zip/data.json","ac7f9d2a-1b1d-4c61-802e-d908b3a04264":"/resources/mit6_100l_f22_lec01_pdf/data.json","ad94fe13-f188-4782-a0de-03a75b843d60":"/pages/materials-by-type/data.json","adcc2cba-7de5-4961-8a77-572b8b6210c9":"/pages/lecture-15-recursion/data.json","ae51268f-a964-42d6-967a-7b2d4bbbac0a":"/resources/mit6_100l_f22_ps2_code_zip/data.json","b02bc0f0-47c5-40c9-8508-bf0448367f5d":"/resources/6100l-lecture-17-version-2_mp4/data.json","b1758938-bd9a-48da-aa09-987ac527d8a5":"/resources/mit6_100l_f22_rec01_pdf/data.json","b3cb1c7c-0662-40b0-b109-4bcad6b5f705":"/resources/mit6_100l_f22_jpeg/data.json","b51259f6-3e24-43ba-b2b4-bc746e4cf49a":"/pages/readings/data.json","ba9a7dd0-1cc2-47c0-bab3-4f2f04d5b099":"/resources/mit6_100l_f22_lec22_code_py/data.json","babe5f97-af1e-4895-87d3-12d8bd2a6bfd":"/resources/mit6_100l_f22_lec19_code_py/data.json","bbb42d1e-6482-44b7-af5b-40f124b0cd9a":"/pages/finger-exercises/data.json","c49472b0-094e-440f-bf8a-0111aa52fc4c":"/pages/lecture-24-sorting-algorithms/data.json","c4d6d77f-1a02-41fa-ac4b-c15f73146304":"/resources/mit6_100l_f22_rec03_zip/data.json","c5ae9d53-45ba-4be7-a516-847ac24c4b45":"/pages/material-by-lecture/data.json","c651f955-1cbf-4c6c-9311-393de1bea7f0":"/resources/6100l-lecture-14-multi_mp4/data.json","cf354c51-12dd-4c52-9e31-1e2e17c7f661":"/resources/mit6_100l_f22_ex02_sol_pdf/data.json","d263d3cb-870c-4948-9312-10a3e5e26294":"/resources/mit6_100l_f22_lec25_code_zip/data.json","d37d2554-11ae-4452-b482-b137f631b485":"/resources/6100l-lecture-20-version-2_mp4/data.json","d5c0d4c2-7ff7-4c76-a2a5-01a330bbcbad":"/resources/mit6_100l_f22_rec07_zip/data.json","d5edab93-2da6-4eb0-be2f-c7f9264f0a79":"/resources/mit6_100l_f22_rec10_zip/data.json","d7498336-87b2-4cc9-bf47-1ee9540822cd":"/resources/mit6_100l_f22_ps5_code_zip/data.json","d79da415-d43f-4e06-a7f6-7b6c1743b77b":"/resources/6100l-lecture-12-multi-version-4_mp4/data.json","d8d10831-d0bc-4745-8692-1278df76bb9a":"/resources/6100l-lecture-19-multi-version-2_mp4/data.json","d8fdd26d-8785-4bc8-ab0f-5e5a7bc4b0a5":"/resources/mit6_100l_f22_lec26_code_py/data.json","d91c9a8a-9acc-4408-a9cc-eee041e9da65":"/resources/6100l-lecture-26-multi_mp4/data.json","db18b51b-095e-42ef-af07-33740e1abfeb":"/resources/mit6_100l_f22_rec04_zip/data.json","db1d885a-21ff-4817-82a5-5bf4a975299e":"/resources/mit6_100l_f22_rec05_zip/data.json","dbaca3aa-ef89-4df6-9aa1-9d8e370c0665":"/resources/6100l-lecture-5-multi_mp4/data.json","e2a660b6-247f-4924-9ec5-e68bd168c267":"/resources/mit6_100l_f22_lec23_code_py/data.json","e31bf3b9-6e94-4f85-94bb-4e03bb8e153c":"/resources/mit6_100l_f22_lec05_code_py/data.json","e4b3ad8e-935e-4780-a3b4-1eff3df57375":"/pages/lecture-22-big-oh-and-theta/data.json","e6ed8bbf-10e8-4e30-8f55-7304ad055838":"/resources/mit6_100l_f22_lec17_pdf/data.json","e9e748ad-4e91-440c-a94d-d593edbc20aa":"/resources/mit6_100l_f22_lec07_pdf/data.json","eb91c85b-7cb8-48d0-9b9a-85e9159554a7":"/resources/6100l-lecture-11-version-2_mp4/data.json","ec506a8a-6a65-4f12-a742-c0f24c666ee0":"/resources/mit6_100l_f22_ex08_sol_pdf/data.json","f0af762d-78de-4fc0-869a-63a9a2e87296":"/resources/mit6_100l_f22_ex23_sol_pdf/data.json","f157b8ec-d959-464f-a36a-caa34ca45768":"/resources/mit6_100l_f22_lec02_code_py/data.json","f2784873-806b-46c7-81ce-f901aa1f8d33":"/pages/lecture-5-floats-and-approximation-methods/data.json","f33faa01-a881-49cc-b693-071be96a2d7e":"/resources/mit6_100l_f22_lec26_pdf/data.json","f42afd71-ae0d-4003-94d8-e57dad8b76c8":"/pages/lecture-3-iteration/data.json","f6c4520c-b8b1-4c5d-a6d2-b5544407fc82":"/resources/mit6_100l_f22_lec24_code_py/data.json","f761fb95-94b9-4a3a-9d89-d04deb934253":"/resources/mit6_100l_f22_ex05_sol_pdf/data.json","f8c96114-7906-4798-ba9c-bd60d471ae1c":"/resources/6100l-lecture-2-multi-version-4_1_mp4/data.json","f92561d1-e08d-4e23-a38d-4634e175fac8":"/resources/mit6_100l_f22_lec11_code_py/data.json","f95261f3-f644-4ee9-8a06-6a0a999a39cc":"/resources/6100l-lecture-13-version-2_mp4/data.json","f9f27f9a-55c1-4be8-9b5c-6179a7dd5060":"/resources/6100l-lecture-24-version-2_mp4/data.json","fc8329cf-cf38-41d0-a545-0de6673a9202":"/video_galleries/lecture-videos/data.json","fcd89986-217e-4119-a96c-3f522a8d2dfb":"/resources/mit6_100l_f22_lec09_pdf/data.json","ffcd8374-5596-43a4-bd0d-f6006b74ba77":"/resources/mit6_100l_f22_ps4_pdf/data.json"}