
{ 
  "title":"Lecture Videos",
  "description":"", 
  "videos": [{
          "description": null,
          "file": "/courses/6-100l-introduction-to-cs-and-programming-using-python-fall-2022/6100l-lecture-1-version-2_360p_16_9.mp4"
        },{
          "description": null,
          "file": "/courses/6-100l-introduction-to-cs-and-programming-using-python-fall-2022/6100l-lecture-2-multi-version-4_1_360p_16_9.mp4"
        },{
          "description": null,
          "file": "/courses/6-100l-introduction-to-cs-and-programming-using-python-fall-2022/6100l-lecture-3-multi_360p_16_9.mp4"
        },{
          "description": null,
          "file": "/courses/6-100l-introduction-to-cs-and-programming-using-python-fall-2022/6100l-lecture-4-multi_360p_16_9.mp4"
        },{
          "description": null,
          "file": "/courses/6-100l-introduction-to-cs-and-programming-using-python-fall-2022/6100l-lecture-5-multi_360p_16_9.mp4"
        },{
          "description": null,
          "file": "/courses/6-100l-introduction-to-cs-and-programming-using-python-fall-2022/6100l-lecture-6-multi-version-3_360p_16_9.mp4"
        },{
          "description": null,
          "file": "/courses/6-100l-introduction-to-cs-and-programming-using-python-fall-2022/6100l-lecture-7-multi_360p_16_9.mp4"
        },{
          "description": null,
          "file": "/courses/6-100l-introduction-to-cs-and-programming-using-python-fall-2022/6100l-lecture-8-version-2_360p_16_9.mp4"
        },{
          "description": null,
          "file": "/courses/6-100l-introduction-to-cs-and-programming-using-python-fall-2022/6100l-lecture-9-version-2_360p_16_9.mp4"
        },{
          "description": null,
          "file": "/courses/6-100l-introduction-to-cs-and-programming-using-python-fall-2022/6100l-lecture-10-version-3_1_360p_16_9.mp4"
        },{
          "description": null,
          "file": "/courses/6-100l-introduction-to-cs-and-programming-using-python-fall-2022/6100l-lecture-11-version-2_360p_16_9.mp4"
        },{
          "description": null,
          "file": "/courses/6-100l-introduction-to-cs-and-programming-using-python-fall-2022/6100l-lecture-12-multi-version-4_360p_16_9.mp4"
        },{
          "description": null,
          "file": "/courses/6-100l-introduction-to-cs-and-programming-using-python-fall-2022/6100l-lecture-13-version-2_360p_16_9.mp4"
        },{
          "description": null,
          "file": "/courses/6-100l-introduction-to-cs-and-programming-using-python-fall-2022/6100l-lecture-14-multi_360p_16_9.mp4"
        },{
          "description": null,
          "file": "/courses/6-100l-introduction-to-cs-and-programming-using-python-fall-2022/6100l-lecture-15-version-2_360p_16_9.mp4"
        },{
          "description": null,
          "file": "/courses/6-100l-introduction-to-cs-and-programming-using-python-fall-2022/6100l-lecture-16-multi-version-2_360p_16_9.mp4"
        },{
          "description": null,
          "file": "/courses/6-100l-introduction-to-cs-and-programming-using-python-fall-2022/6100l-lecture-17-version-2_360p_16_9.mp4"
        },{
          "description": null,
          "file": "/courses/6-100l-introduction-to-cs-and-programming-using-python-fall-2022/6100l-lecture-18-multi-version-2_360p_16_9.mp4"
        },{
          "description": null,
          "file": "/courses/6-100l-introduction-to-cs-and-programming-using-python-fall-2022/6100l-lecture-19-multi-version-2_360p_16_9.mp4"
        },{
          "description": null,
          "file": "/courses/6-100l-introduction-to-cs-and-programming-using-python-fall-2022/6100l-lecture-20-version-2_360p_16_9.mp4"
        },{
          "description": null,
          "file": "/courses/6-100l-introduction-to-cs-and-programming-using-python-fall-2022/6100l-lecture-21-version-2_360p_16_9.mp4"
        },{
          "description": null,
          "file": "/courses/6-100l-introduction-to-cs-and-programming-using-python-fall-2022/6100l-lecture-22-version-2_360p_16_9.mp4"
        },{
          "description": null,
          "file": "/courses/6-100l-introduction-to-cs-and-programming-using-python-fall-2022/6100l-lecture-23-version-2_360p_16_9.mp4"
        },{
          "description": null,
          "file": "/courses/6-100l-introduction-to-cs-and-programming-using-python-fall-2022/6100l-lecture-24-version-2_360p_16_9.mp4"
        },{
          "description": null,
          "file": "/courses/6-100l-introduction-to-cs-and-programming-using-python-fall-2022/6100l-lecture-25-multi_360p_16_9.mp4"
        },{
          "description": null,
          "file": "/courses/6-100l-introduction-to-cs-and-programming-using-python-fall-2022/6100l-lecture-26-multi_360p_16_9.mp4"
        }]}


