{
  "title":"Lecture 16: Recursion on Non-numerics",
  "description": null,
  "file": "/courses/6-100l-introduction-to-cs-and-programming-using-python-fall-2022/6100l-lecture-16-multi-version-2_360p_16_9.mp4",
  "learning_resource_types": ["Lecture Videos"],
  "resource_type": "Video",
  "file_type": "video/mp4",
  "youtube_key":  "2XxGplWqXVQ",
  "captions_file": "/courses/6-100l-introduction-to-cs-and-programming-using-python-fall-2022/1hkR9BnkJ6tULeV8uM23dCK3mIdAL-omX_transcript.webvtt",
  "transcript_file": "/courses/6-100l-introduction-to-cs-and-programming-using-python-fall-2022/1hkR9BnkJ6tULeV8uM23dCK3mIdAL-omX_transcript.pdf",
  "thumbnail_file": "https://img.youtube.com/vi/2XxGplWqXVQ/default.jpg",
  "archive_url": ""}
