{
  "title":"Lecture 3: Iteration",
  "description": null,
  "file": "/courses/6-100l-introduction-to-cs-and-programming-using-python-fall-2022/6100l-lecture-3-multi_360p_16_9.mp4",
  "learning_resource_types": ["Lecture Videos"],
  "resource_type": "Video",
  "file_type": "video/mp4",
  "youtube_key":  "lzYrMcI92kw",
  "captions_file": "/courses/6-100l-introduction-to-cs-and-programming-using-python-fall-2022/1jn58uDUTgM2Zg1YYoxK9CkiG-rAH9Fmh_transcript.webvtt",
  "transcript_file": "/courses/6-100l-introduction-to-cs-and-programming-using-python-fall-2022/1jn58uDUTgM2Zg1YYoxK9CkiG-rAH9Fmh_transcript.pdf",
  "thumbnail_file": "https://img.youtube.com/vi/lzYrMcI92kw/default.jpg",
  "archive_url": ""}
