{
  "title":"Lecture 9: Lambda Functions, Tuples, and Lists",
  "description": null,
  "file": "/courses/6-100l-introduction-to-cs-and-programming-using-python-fall-2022/6100l-lecture-9-version-2_360p_16_9.mp4",
  "learning_resource_types": ["Lecture Videos"],
  "resource_type": "Video",
  "file_type": "video/mp4",
  "youtube_key":  "h5abkZ_Ch6c",
  "captions_file": "/courses/6-100l-introduction-to-cs-and-programming-using-python-fall-2022/1lMet5GPIW1ZhnesX_FN2udiX7bcr0mJd_transcript.webvtt",
  "transcript_file": "/courses/6-100l-introduction-to-cs-and-programming-using-python-fall-2022/1lMet5GPIW1ZhnesX_FN2udiX7bcr0mJd_transcript.pdf",
  "thumbnail_file": "https://img.youtube.com/vi/h5abkZ_Ch6c/default.jpg",
  "archive_url": ""}
