<?xml version="1.0" encoding="utf-8" standalone="yes"?>
<rss version="2.0" xmlns:atom="http://www.w3.org/2005/Atom">
  <channel>
    <title>Programming Assignments with Examples on MIT OpenCourseWare</title>
    <link>/resources/programming-assignments-with-examples/</link>
    <description>Recent content in Programming Assignments with Examples on MIT OpenCourseWare</description>
    <generator>Hugo -- gohugo.io</generator>
    <language>en-us</language><atom:link href="/resources/programming-assignments-with-examples/index.xml" rel="self" type="application/rss+xml" />
    <item>
      <title>Finger Exercises Lecture 01 Solutions</title>
      <link>/resources/mit6_100l_f22_ex01_sol_pdf/data.json</link>
      <pubDate>Mon, 01 Jan 0001 00:00:00 +0000</pubDate>
      
      <guid>/resources/mit6_100l_f22_ex01_sol_pdf/data.json</guid>
      <description></description>
    </item>
    
    <item>
      <title>Finger Exercises Lecture 02 Solutions</title>
      <link>/resources/mit6_100l_f22_ex02_sol_pdf/data.json</link>
      <pubDate>Mon, 01 Jan 0001 00:00:00 +0000</pubDate>
      
      <guid>/resources/mit6_100l_f22_ex02_sol_pdf/data.json</guid>
      <description></description>
    </item>
    
    <item>
      <title>Finger Exercises Lecture 03 Solutions</title>
      <link>/resources/mit6_100l_f22_ex03_sol_pdf/data.json</link>
      <pubDate>Mon, 01 Jan 0001 00:00:00 +0000</pubDate>
      
      <guid>/resources/mit6_100l_f22_ex03_sol_pdf/data.json</guid>
      <description></description>
    </item>
    
    <item>
      <title>Finger Exercises Lecture 04 Solutions</title>
      <link>/resources/mit6_100l_f22_ex04_sol_pdf/data.json</link>
      <pubDate>Mon, 01 Jan 0001 00:00:00 +0000</pubDate>
      
      <guid>/resources/mit6_100l_f22_ex04_sol_pdf/data.json</guid>
      <description></description>
    </item>
    
    <item>
      <title>Finger Exercises Lecture 05 Solutions</title>
      <link>/resources/mit6_100l_f22_ex05_sol_pdf/data.json</link>
      <pubDate>Mon, 01 Jan 0001 00:00:00 +0000</pubDate>
      
      <guid>/resources/mit6_100l_f22_ex05_sol_pdf/data.json</guid>
      <description></description>
    </item>
    
    <item>
      <title>Finger Exercises Lecture 06 Solutions</title>
      <link>/resources/mit6_100l_f22_ex06_sol_pdf/data.json</link>
      <pubDate>Mon, 01 Jan 0001 00:00:00 +0000</pubDate>
      
      <guid>/resources/mit6_100l_f22_ex06_sol_pdf/data.json</guid>
      <description></description>
    </item>
    
    <item>
      <title>Finger Exercises Lecture 07 Solutions</title>
      <link>/resources/mit6_100l_f22_ex07_sol_pdf/data.json</link>
      <pubDate>Mon, 01 Jan 0001 00:00:00 +0000</pubDate>
      
      <guid>/resources/mit6_100l_f22_ex07_sol_pdf/data.json</guid>
      <description></description>
    </item>
    
    <item>
      <title>Finger Exercises Lecture 08 Solutions</title>
      <link>/resources/mit6_100l_f22_ex08_sol_pdf/data.json</link>
      <pubDate>Mon, 01 Jan 0001 00:00:00 +0000</pubDate>
      
      <guid>/resources/mit6_100l_f22_ex08_sol_pdf/data.json</guid>
      <description></description>
    </item>
    
    <item>
      <title>Finger Exercises Lecture 09 Solutions</title>
      <link>/resources/mit6_100l_f22_ex09_sol_pdf/data.json</link>
      <pubDate>Mon, 01 Jan 0001 00:00:00 +0000</pubDate>
      
      <guid>/resources/mit6_100l_f22_ex09_sol_pdf/data.json</guid>
      <description></description>
    </item>
    
    <item>
      <title>Finger Exercises Lecture 10 Solutions</title>
      <link>/resources/mit6_100l_f22_ex10_sol_pdf/data.json</link>
      <pubDate>Mon, 01 Jan 0001 00:00:00 +0000</pubDate>
      
      <guid>/resources/mit6_100l_f22_ex10_sol_pdf/data.json</guid>
      <description></description>
    </item>
    
    <item>
      <title>Finger Exercises Lecture 11 Solutions</title>
      <link>/resources/mit6_100l_f22_ex11_sol_pdf/data.json</link>
      <pubDate>Mon, 01 Jan 0001 00:00:00 +0000</pubDate>
      
      <guid>/resources/mit6_100l_f22_ex11_sol_pdf/data.json</guid>
      <description></description>
    </item>
    
    <item>
      <title>Finger Exercises Lecture 12 Solutions</title>
      <link>/resources/mit6_100l_f22_ex12_sol_pdf/data.json</link>
      <pubDate>Mon, 01 Jan 0001 00:00:00 +0000</pubDate>
      
      <guid>/resources/mit6_100l_f22_ex12_sol_pdf/data.json</guid>
      <description></description>
    </item>
    
    <item>
      <title>Finger Exercises Lecture 13 Solutions</title>
      <link>/resources/mit6_100l_f22_ex13_sol_pdf/data.json</link>
      <pubDate>Mon, 01 Jan 0001 00:00:00 +0000</pubDate>
      
      <guid>/resources/mit6_100l_f22_ex13_sol_pdf/data.json</guid>
      <description></description>
    </item>
    
    <item>
      <title>Finger Exercises Lecture 14 Solutions</title>
      <link>/resources/mit6_100l_f22_ex14_sol_pdf/data.json</link>
      <pubDate>Mon, 01 Jan 0001 00:00:00 +0000</pubDate>
      
      <guid>/resources/mit6_100l_f22_ex14_sol_pdf/data.json</guid>
      <description></description>
    </item>
    
    <item>
      <title>Finger Exercises Lecture 15 Solutions</title>
      <link>/resources/mit6_100l_f22_ex15_sol_pdf/data.json</link>
      <pubDate>Mon, 01 Jan 0001 00:00:00 +0000</pubDate>
      
      <guid>/resources/mit6_100l_f22_ex15_sol_pdf/data.json</guid>
      <description></description>
    </item>
    
    <item>
      <title>Finger Exercises Lecture 16 Solutions</title>
      <link>/resources/mit6_100l_f22_ex16_sol_pdf/data.json</link>
      <pubDate>Mon, 01 Jan 0001 00:00:00 +0000</pubDate>
      
      <guid>/resources/mit6_100l_f22_ex16_sol_pdf/data.json</guid>
      <description></description>
    </item>
    
    <item>
      <title>Finger Exercises Lecture 17 Solutions</title>
      <link>/resources/mit6_100l_f22_ex17_sol_pdf/data.json</link>
      <pubDate>Mon, 01 Jan 0001 00:00:00 +0000</pubDate>
      
      <guid>/resources/mit6_100l_f22_ex17_sol_pdf/data.json</guid>
      <description></description>
    </item>
    
    <item>
      <title>Finger Exercises Lecture 18 Solutions</title>
      <link>/resources/mit6_100l_f22_ex18_sol_pdf/data.json</link>
      <pubDate>Mon, 01 Jan 0001 00:00:00 +0000</pubDate>
      
      <guid>/resources/mit6_100l_f22_ex18_sol_pdf/data.json</guid>
      <description></description>
    </item>
    
    <item>
      <title>Finger Exercises Lecture 19 Solutions</title>
      <link>/resources/mit6_100l_f22_ex19_sol_pdf/data.json</link>
      <pubDate>Mon, 01 Jan 0001 00:00:00 +0000</pubDate>
      
      <guid>/resources/mit6_100l_f22_ex19_sol_pdf/data.json</guid>
      <description></description>
    </item>
    
    <item>
      <title>Finger Exercises Lecture 20 Solutions</title>
      <link>/resources/mit6_100l_f22_ex20_sol_pdf/data.json</link>
      <pubDate>Mon, 01 Jan 0001 00:00:00 +0000</pubDate>
      
      <guid>/resources/mit6_100l_f22_ex20_sol_pdf/data.json</guid>
      <description></description>
    </item>
    
    <item>
      <title>Finger Exercises Lecture 22 Solutions</title>
      <link>/resources/mit6_100l_f22_ex22_sol_pdf/data.json</link>
      <pubDate>Mon, 01 Jan 0001 00:00:00 +0000</pubDate>
      
      <guid>/resources/mit6_100l_f22_ex22_sol_pdf/data.json</guid>
      <description></description>
    </item>
    
    <item>
      <title>Finger Exercises Lecture 23 Solutions</title>
      <link>/resources/mit6_100l_f22_ex23_sol_pdf/data.json</link>
      <pubDate>Mon, 01 Jan 0001 00:00:00 +0000</pubDate>
      
      <guid>/resources/mit6_100l_f22_ex23_sol_pdf/data.json</guid>
      <description></description>
    </item>
    
  </channel>
</rss>
