{
  "title":"Lecture 22: Big Oh and Theta",
  "description": null,
  "file": "/courses/6-100l-introduction-to-cs-and-programming-using-python-fall-2022/6100l-lecture-22-version-2_360p_16_9.mp4",
  "learning_resource_types": ["Lecture Videos"],
  "resource_type": "Video",
  "file_type": "video/mp4",
  "youtube_key":  "RJhoT5PEf_0",
  "captions_file": "/courses/6-100l-introduction-to-cs-and-programming-using-python-fall-2022/1A8qBYXfGlxrh1AzmvG-kNRw4M5bppdQ-_transcript.webvtt",
  "transcript_file": "/courses/6-100l-introduction-to-cs-and-programming-using-python-fall-2022/1A8qBYXfGlxrh1AzmvG-kNRw4M5bppdQ-_transcript.pdf",
  "thumbnail_file": "https://img.youtube.com/vi/RJhoT5PEf_0/default.jpg",
  "archive_url": ""}
