{
  "title":"Lecture 25: Plotting",
  "description": null,
  "file": "/courses/6-100l-introduction-to-cs-and-programming-using-python-fall-2022/6100l-lecture-25-multi_360p_16_9.mp4",
  "learning_resource_types": ["Lecture Videos"],
  "resource_type": "Video",
  "file_type": "video/mp4",
  "youtube_key":  "Jov7G7IpuLo",
  "captions_file": "/courses/6-100l-introduction-to-cs-and-programming-using-python-fall-2022/1cvnthuuvW853odAxpelaAUZkddb8M-tf_transcript.webvtt",
  "transcript_file": "/courses/6-100l-introduction-to-cs-and-programming-using-python-fall-2022/1cvnthuuvW853odAxpelaAUZkddb8M-tf_transcript.pdf",
  "thumbnail_file": "https://img.youtube.com/vi/Jov7G7IpuLo/default.jpg",
  "archive_url": ""}
