{
  "title":"Fibonacci Sequence in Nature",
  "description": null,
  "file": "/courses/6-100l-introduction-to-cs-and-programming-using-python-fall-2022/mit6_100l_f22.jpeg",
  "learning_resource_types": [],
  "resource_type": "Image",
  "file_type": "image/jpeg",
  "image_metadata": {"caption":"Flowers are an example of the Fibonacci sequence in nature. The Fibonacci sequence is a classic example of a recursive function, as discussed in lectures 15 and 16. (Image courtesy of [Arthur T. LaBar](https://flic.kr/p/2hb11de) on Flickr. License: CC BY.)","credit":"Image courtesy of [Arthur T. LaBar](https://flic.kr/p/2hb11de) on Flickr. License: CC BY.","image-alt":"Closeup of sunflower petals and seeds. "}}
