{
  "title":"Lecture 23: Complexity Classes Examples",
  "description": null,
  "file": "/courses/6-100l-introduction-to-cs-and-programming-using-python-fall-2022/6100l-lecture-23-version-2_360p_16_9.mp4",
  "learning_resource_types": ["Lecture Videos"],
  "resource_type": "Video",
  "file_type": "video/mp4",
  "youtube_key":  "loX34ct0hxs",
  "captions_file": "/courses/6-100l-introduction-to-cs-and-programming-using-python-fall-2022/1xR3e2ychp7hYL-4PwrUUucM6a_hYVwvo_transcript.webvtt",
  "transcript_file": "/courses/6-100l-introduction-to-cs-and-programming-using-python-fall-2022/1xR3e2ychp7hYL-4PwrUUucM6a_hYVwvo_transcript.pdf",
  "thumbnail_file": "https://img.youtube.com/vi/loX34ct0hxs/default.jpg",
  "archive_url": ""}
