{
  "title":"Lecture 13: Exceptions and Assertions",
  "description": null,
  "file": "/courses/6-100l-introduction-to-cs-and-programming-using-python-fall-2022/6100l-lecture-13-version-2_360p_16_9.mp4",
  "learning_resource_types": ["Lecture Videos"],
  "resource_type": "Video",
  "file_type": "video/mp4",
  "youtube_key":  "qT3_7FMuv-U",
  "captions_file": "/courses/6-100l-introduction-to-cs-and-programming-using-python-fall-2022/1tniTNqJJXR2M7JRpXHVinHY3MoCnxgyp_transcript.webvtt",
  "transcript_file": "/courses/6-100l-introduction-to-cs-and-programming-using-python-fall-2022/1tniTNqJJXR2M7JRpXHVinHY3MoCnxgyp_transcript.pdf",
  "thumbnail_file": "https://img.youtube.com/vi/qT3_7FMuv-U/default.jpg",
  "archive_url": ""}
