<?xml version="1.0" encoding="utf-8" standalone="yes"?>
<rss version="2.0" xmlns:atom="http://www.w3.org/2005/Atom">
  <channel>
    <title>Programming Assignments on MIT OpenCourseWare</title>
    <link>/resources/programming-assignments/</link>
    <description>Recent content in Programming Assignments on MIT OpenCourseWare</description>
    <generator>Hugo -- gohugo.io</generator>
    <language>en-us</language><atom:link href="/resources/programming-assignments/index.xml" rel="self" type="application/rss+xml" />
    <item>
      <title>Lecture 1 Code</title>
      <link>/resources/mit6_100l_f22_lec01_code_py/data.json</link>
      <pubDate>Mon, 01 Jan 0001 00:00:00 +0000</pubDate>
      
      <guid>/resources/mit6_100l_f22_lec01_code_py/data.json</guid>
      <description></description>
    </item>
    
    <item>
      <title>Lecture 10 Code</title>
      <link>/resources/mit6_100l_f22_lec10_code_py/data.json</link>
      <pubDate>Mon, 01 Jan 0001 00:00:00 +0000</pubDate>
      
      <guid>/resources/mit6_100l_f22_lec10_code_py/data.json</guid>
      <description></description>
    </item>
    
    <item>
      <title>Lecture 11 Code</title>
      <link>/resources/mit6_100l_f22_lec11_code_py/data.json</link>
      <pubDate>Mon, 01 Jan 0001 00:00:00 +0000</pubDate>
      
      <guid>/resources/mit6_100l_f22_lec11_code_py/data.json</guid>
      <description></description>
    </item>
    
    <item>
      <title>Lecture 12 Code</title>
      <link>/resources/mit6_100l_f22_lec12_code_zip/data.json</link>
      <pubDate>Mon, 01 Jan 0001 00:00:00 +0000</pubDate>
      
      <guid>/resources/mit6_100l_f22_lec12_code_zip/data.json</guid>
      <description></description>
    </item>
    
    <item>
      <title>Lecture 13 Code</title>
      <link>/resources/mit6_100l_f22_lec13_code_py/data.json</link>
      <pubDate>Mon, 01 Jan 0001 00:00:00 +0000</pubDate>
      
      <guid>/resources/mit6_100l_f22_lec13_code_py/data.json</guid>
      <description></description>
    </item>
    
    <item>
      <title>Lecture 14 Code</title>
      <link>/resources/mit6_100l_f22_lec14_code_py/data.json</link>
      <pubDate>Mon, 01 Jan 0001 00:00:00 +0000</pubDate>
      
      <guid>/resources/mit6_100l_f22_lec14_code_py/data.json</guid>
      <description></description>
    </item>
    
    <item>
      <title>Lecture 15 Code</title>
      <link>/resources/mit6_100l_f22_lec15_code_py/data.json</link>
      <pubDate>Mon, 01 Jan 0001 00:00:00 +0000</pubDate>
      
      <guid>/resources/mit6_100l_f22_lec15_code_py/data.json</guid>
      <description></description>
    </item>
    
    <item>
      <title>Lecture 16 Code</title>
      <link>/resources/mit6_100l_f22_lec16_code_py/data.json</link>
      <pubDate>Mon, 01 Jan 0001 00:00:00 +0000</pubDate>
      
      <guid>/resources/mit6_100l_f22_lec16_code_py/data.json</guid>
      <description></description>
    </item>
    
    <item>
      <title>Lecture 17 Code</title>
      <link>/resources/mit6_100l_f22_lec17_code_py/data.json</link>
      <pubDate>Mon, 01 Jan 0001 00:00:00 +0000</pubDate>
      
      <guid>/resources/mit6_100l_f22_lec17_code_py/data.json</guid>
      <description></description>
    </item>
    
    <item>
      <title>Lecture 18 Code</title>
      <link>/resources/mit6_100l_f22_lec18_code_py/data.json</link>
      <pubDate>Mon, 01 Jan 0001 00:00:00 +0000</pubDate>
      
      <guid>/resources/mit6_100l_f22_lec18_code_py/data.json</guid>
      <description></description>
    </item>
    
    <item>
      <title>Lecture 19 Code</title>
      <link>/resources/mit6_100l_f22_lec19_code_py/data.json</link>
      <pubDate>Mon, 01 Jan 0001 00:00:00 +0000</pubDate>
      
      <guid>/resources/mit6_100l_f22_lec19_code_py/data.json</guid>
      <description></description>
    </item>
    
    <item>
      <title>Lecture 2 Code</title>
      <link>/resources/mit6_100l_f22_lec02_code_py/data.json</link>
      <pubDate>Mon, 01 Jan 0001 00:00:00 +0000</pubDate>
      
      <guid>/resources/mit6_100l_f22_lec02_code_py/data.json</guid>
      <description></description>
    </item>
    
    <item>
      <title>Lecture 20 Code</title>
      <link>/resources/mit6_100l_f22_lec20_code_zip/data.json</link>
      <pubDate>Mon, 01 Jan 0001 00:00:00 +0000</pubDate>
      
      <guid>/resources/mit6_100l_f22_lec20_code_zip/data.json</guid>
      <description></description>
    </item>
    
    <item>
      <title>Lecture 21 Code</title>
      <link>/resources/mit6_100l_f22_lec21_code_py/data.json</link>
      <pubDate>Mon, 01 Jan 0001 00:00:00 +0000</pubDate>
      
      <guid>/resources/mit6_100l_f22_lec21_code_py/data.json</guid>
      <description></description>
    </item>
    
    <item>
      <title>Lecture 22 Code</title>
      <link>/resources/mit6_100l_f22_lec22_code_py/data.json</link>
      <pubDate>Mon, 01 Jan 0001 00:00:00 +0000</pubDate>
      
      <guid>/resources/mit6_100l_f22_lec22_code_py/data.json</guid>
      <description></description>
    </item>
    
    <item>
      <title>Lecture 23 Code</title>
      <link>/resources/mit6_100l_f22_lec23_code_py/data.json</link>
      <pubDate>Mon, 01 Jan 0001 00:00:00 +0000</pubDate>
      
      <guid>/resources/mit6_100l_f22_lec23_code_py/data.json</guid>
      <description></description>
    </item>
    
    <item>
      <title>Lecture 24 Code</title>
      <link>/resources/mit6_100l_f22_lec24_code_py/data.json</link>
      <pubDate>Mon, 01 Jan 0001 00:00:00 +0000</pubDate>
      
      <guid>/resources/mit6_100l_f22_lec24_code_py/data.json</guid>
      <description></description>
    </item>
    
    <item>
      <title>Lecture 25 Code</title>
      <link>/resources/mit6_100l_f22_lec25_code_zip/data.json</link>
      <pubDate>Mon, 01 Jan 0001 00:00:00 +0000</pubDate>
      
      <guid>/resources/mit6_100l_f22_lec25_code_zip/data.json</guid>
      <description></description>
    </item>
    
    <item>
      <title>Lecture 26 Code</title>
      <link>/resources/mit6_100l_f22_lec26_code_py/data.json</link>
      <pubDate>Mon, 01 Jan 0001 00:00:00 +0000</pubDate>
      
      <guid>/resources/mit6_100l_f22_lec26_code_py/data.json</guid>
      <description></description>
    </item>
    
    <item>
      <title>Lecture 3 Code</title>
      <link>/resources/mit6_100l_f22_lec03_code_py/data.json</link>
      <pubDate>Mon, 01 Jan 0001 00:00:00 +0000</pubDate>
      
      <guid>/resources/mit6_100l_f22_lec03_code_py/data.json</guid>
      <description></description>
    </item>
    
    <item>
      <title>Lecture 4 Code</title>
      <link>/resources/mit6_100l_f22_lec04_code_py/data.json</link>
      <pubDate>Mon, 01 Jan 0001 00:00:00 +0000</pubDate>
      
      <guid>/resources/mit6_100l_f22_lec04_code_py/data.json</guid>
      <description></description>
    </item>
    
    <item>
      <title>Lecture 5 Code</title>
      <link>/resources/mit6_100l_f22_lec05_code_py/data.json</link>
      <pubDate>Mon, 01 Jan 0001 00:00:00 +0000</pubDate>
      
      <guid>/resources/mit6_100l_f22_lec05_code_py/data.json</guid>
      <description></description>
    </item>
    
    <item>
      <title>Lecture 6 Code</title>
      <link>/resources/mit6_100l_f22_lec06_code_py/data.json</link>
      <pubDate>Mon, 01 Jan 0001 00:00:00 +0000</pubDate>
      
      <guid>/resources/mit6_100l_f22_lec06_code_py/data.json</guid>
      <description></description>
    </item>
    
    <item>
      <title>Lecture 7 Code</title>
      <link>/resources/mit6_100l_f22_lec07_code_py/data.json</link>
      <pubDate>Mon, 01 Jan 0001 00:00:00 +0000</pubDate>
      
      <guid>/resources/mit6_100l_f22_lec07_code_py/data.json</guid>
      <description></description>
    </item>
    
    <item>
      <title>Lecture 8 Code</title>
      <link>/resources/mit6_100l_f22_lec08_code_py/data.json</link>
      <pubDate>Mon, 01 Jan 0001 00:00:00 +0000</pubDate>
      
      <guid>/resources/mit6_100l_f22_lec08_code_py/data.json</guid>
      <description></description>
    </item>
    
    <item>
      <title>Lecture 9 Code</title>
      <link>/resources/mit6_100l_f22_lec09_code_py/data.json</link>
      <pubDate>Mon, 01 Jan 0001 00:00:00 +0000</pubDate>
      
      <guid>/resources/mit6_100l_f22_lec09_code_py/data.json</guid>
      <description></description>
    </item>
    
  </channel>
</rss>
