{
  "title":"Lecture 2: Strings, Input/Output, and Branching",
  "description": null,
  "file": "/courses/6-100l-introduction-to-cs-and-programming-using-python-fall-2022/6100l-lecture-2-multi-version-4_1_360p_16_9.mp4",
  "learning_resource_types": ["Lecture Videos"],
  "resource_type": "Video",
  "file_type": "video/mp4",
  "youtube_key":  "UdEX0E9lIQM",
  "captions_file": "/courses/6-100l-introduction-to-cs-and-programming-using-python-fall-2022/6100l-lecture-2-multi-version-4_1_captions.vtt",
  "transcript_file": "/courses/6-100l-introduction-to-cs-and-programming-using-python-fall-2022/6100l-lecture-2-multi-version-4_1_transcript.pdf",
  "thumbnail_file": "https://img.youtube.com/vi/UdEX0E9lIQM/default.jpg",
  "archive_url": ""}
