{
  "title":"Lecture 18: More Python Class Methods",
  "description": null,
  "file": "/courses/6-100l-introduction-to-cs-and-programming-using-python-fall-2022/6100l-lecture-18-multi-version-2_360p_16_9.mp4",
  "learning_resource_types": ["Lecture Videos"],
  "resource_type": "Video",
  "file_type": "video/mp4",
  "youtube_key":  "gLnCmUkgUQk",
  "captions_file": "/courses/6-100l-introduction-to-cs-and-programming-using-python-fall-2022/1H2sYXjAUBaCmU_W-8a9MZk-H-jYu14Za_transcript.webvtt",
  "transcript_file": "/courses/6-100l-introduction-to-cs-and-programming-using-python-fall-2022/1H2sYXjAUBaCmU_W-8a9MZk-H-jYu14Za_transcript.pdf",
  "thumbnail_file": "https://img.youtube.com/vi/gLnCmUkgUQk/default.jpg",
  "archive_url": ""}
