{
  "title":"Lecture 7: Decomposition, Abstraction, and Functions",
  "description": null,
  "file": "/courses/6-100l-introduction-to-cs-and-programming-using-python-fall-2022/6100l-lecture-7-multi_360p_16_9.mp4",
  "learning_resource_types": ["Lecture Videos"],
  "resource_type": "Video",
  "file_type": "video/mp4",
  "youtube_key":  "Qf6OVR8MLnU",
  "captions_file": "/courses/6-100l-introduction-to-cs-and-programming-using-python-fall-2022/1NWsD4yStlMPsvHXGgvg0oT1zF13vXErk_transcript.webvtt",
  "transcript_file": "/courses/6-100l-introduction-to-cs-and-programming-using-python-fall-2022/1NWsD4yStlMPsvHXGgvg0oT1zF13vXErk_transcript.pdf",
  "thumbnail_file": "https://img.youtube.com/vi/Qf6OVR8MLnU/default.jpg",
  "archive_url": ""}
