{
  "title":"Lecture 8: Functions as Objects",
  "description": null,
  "file": "/courses/6-100l-introduction-to-cs-and-programming-using-python-fall-2022/6100l-lecture-8-version-2_360p_16_9.mp4",
  "learning_resource_types": ["Lecture Videos"],
  "resource_type": "Video",
  "file_type": "video/mp4",
  "youtube_key":  "0fEJFRKJN4U",
  "captions_file": "/courses/6-100l-introduction-to-cs-and-programming-using-python-fall-2022/1fkfiNALPDISPZW42aeW-nV_AJwXJ6fWN_transcript.webvtt",
  "transcript_file": "/courses/6-100l-introduction-to-cs-and-programming-using-python-fall-2022/1fkfiNALPDISPZW42aeW-nV_AJwXJ6fWN_transcript.pdf",
  "thumbnail_file": "https://img.youtube.com/vi/0fEJFRKJN4U/default.jpg",
  "archive_url": ""}
