{
  "title":"Lecture 6: Bisection Search",
  "description": null,
  "file": "/courses/6-100l-introduction-to-cs-and-programming-using-python-fall-2022/6100l-lecture-6-multi-version-3_360p_16_9.mp4",
  "learning_resource_types": ["Lecture Videos"],
  "resource_type": "Video",
  "file_type": "video/mp4",
  "youtube_key":  "PJ_5VNvJGtA",
  "captions_file": "/courses/6-100l-introduction-to-cs-and-programming-using-python-fall-2022/1ZzX65dND58Lig0K6fcjTbpA5FiKIhAcx_transcript.webvtt",
  "transcript_file": "/courses/6-100l-introduction-to-cs-and-programming-using-python-fall-2022/1ZzX65dND58Lig0K6fcjTbpA5FiKIhAcx_transcript.pdf",
  "thumbnail_file": "https://img.youtube.com/vi/PJ_5VNvJGtA/default.jpg",
  "archive_url": ""}
