{
  "title":"Lecture 12: List Comprehension, Functions as Objects, Testing, and Debugging",
  "description": null,
  "file": "/courses/6-100l-introduction-to-cs-and-programming-using-python-fall-2022/6100l-lecture-12-multi-version-4_360p_16_9.mp4",
  "learning_resource_types": ["Lecture Videos"],
  "resource_type": "Video",
  "file_type": "video/mp4",
  "youtube_key":  "AZBxs3OvFrY",
  "captions_file": "/courses/6-100l-introduction-to-cs-and-programming-using-python-fall-2022/1yicNRax_Y6uXUq1RhogtauUcSorMMd66_transcript.webvtt",
  "transcript_file": "/courses/6-100l-introduction-to-cs-and-programming-using-python-fall-2022/1yicNRax_Y6uXUq1RhogtauUcSorMMd66_transcript.pdf",
  "thumbnail_file": "https://img.youtube.com/vi/AZBxs3OvFrY/default.jpg",
  "archive_url": ""}
