{
  "title":"Lecture 11: Aliasing and Cloning",
  "description": null,
  "file": "/courses/6-100l-introduction-to-cs-and-programming-using-python-fall-2022/6100l-lecture-11-version-2_360p_16_9.mp4",
  "learning_resource_types": ["Lecture Videos"],
  "resource_type": "Video",
  "file_type": "video/mp4",
  "youtube_key":  "hpsp-LQurco",
  "captions_file": "/courses/6-100l-introduction-to-cs-and-programming-using-python-fall-2022/1We_TL7FBrn8k8Fh5XnBgrQuG6qDsI4is_transcript.webvtt",
  "transcript_file": "/courses/6-100l-introduction-to-cs-and-programming-using-python-fall-2022/1We_TL7FBrn8k8Fh5XnBgrQuG6qDsI4is_transcript.pdf",
  "thumbnail_file": "https://img.youtube.com/vi/hpsp-LQurco/default.jpg",
  "archive_url": ""}
