{
  "title":"Lecture 14: Dictionaries",
  "description": null,
  "file": "/courses/6-100l-introduction-to-cs-and-programming-using-python-fall-2022/6100l-lecture-14-multi_360p_16_9.mp4",
  "learning_resource_types": ["Lecture Videos"],
  "resource_type": "Video",
  "file_type": "video/mp4",
  "youtube_key":  "lTgLOuaQsvk",
  "captions_file": "/courses/6-100l-introduction-to-cs-and-programming-using-python-fall-2022/1U0kBprsi-v9QhXIZdGgvCZd92936dmcz_transcript.webvtt",
  "transcript_file": "/courses/6-100l-introduction-to-cs-and-programming-using-python-fall-2022/1U0kBprsi-v9QhXIZdGgvCZd92936dmcz_transcript.pdf",
  "thumbnail_file": "https://img.youtube.com/vi/lTgLOuaQsvk/default.jpg",
  "archive_url": ""}
