{
  "title":"Lecture 15: Recursion",
  "description": null,
  "file": "/courses/6-100l-introduction-to-cs-and-programming-using-python-fall-2022/6100l-lecture-15-version-2_360p_16_9.mp4",
  "learning_resource_types": ["Lecture Videos"],
  "resource_type": "Video",
  "file_type": "video/mp4",
  "youtube_key":  "Bbyp4VRbmyY",
  "captions_file": "/courses/6-100l-introduction-to-cs-and-programming-using-python-fall-2022/1uFTx7VBCy0zz2tZxzgf-VjE9TAsYp_0k_transcript.webvtt",
  "transcript_file": "/courses/6-100l-introduction-to-cs-and-programming-using-python-fall-2022/1uFTx7VBCy0zz2tZxzgf-VjE9TAsYp_0k_transcript.pdf",
  "thumbnail_file": "https://img.youtube.com/vi/Bbyp4VRbmyY/default.jpg",
  "archive_url": ""}
