{
  "title":"Lecture 10: Lists and Mutability",
  "description": null,
  "file": "/courses/6-100l-introduction-to-cs-and-programming-using-python-fall-2022/6100l-lecture-10-version-3_1_360p_16_9.mp4",
  "learning_resource_types": ["Lecture Videos"],
  "resource_type": "Video",
  "file_type": "video/mp4",
  "youtube_key":  "Z4bm7xzYpKM",
  "captions_file": "/courses/6-100l-introduction-to-cs-and-programming-using-python-fall-2022/1thJR8x0QK8HpwQ3OqOE-MVtYg_P0QZ_T_transcript.webvtt",
  "transcript_file": "/courses/6-100l-introduction-to-cs-and-programming-using-python-fall-2022/1thJR8x0QK8HpwQ3OqOE-MVtYg_P0QZ_T_transcript.pdf",
  "thumbnail_file": "https://img.youtube.com/vi/Z4bm7xzYpKM/default.jpg",
  "archive_url": ""}
