{
  "title":"Lecture 26: List Access, Hashing, Simulations, and Wrap-Up",
  "description": null,
  "file": "/courses/6-100l-introduction-to-cs-and-programming-using-python-fall-2022/6100l-lecture-26-multi_360p_16_9.mp4",
  "learning_resource_types": ["Lecture Videos"],
  "resource_type": "Video",
  "file_type": "video/mp4",
  "youtube_key":  "4H0GXzQ41t0",
  "captions_file": "/courses/6-100l-introduction-to-cs-and-programming-using-python-fall-2022/1Jf1_GNVjvRScJqmNBDRrxyK6igxPavZg_transcript.webvtt",
  "transcript_file": "/courses/6-100l-introduction-to-cs-and-programming-using-python-fall-2022/1Jf1_GNVjvRScJqmNBDRrxyK6igxPavZg_transcript.pdf",
  "thumbnail_file": "https://img.youtube.com/vi/4H0GXzQ41t0/default.jpg",
  "archive_url": ""}
