{
  "title":"Lecture 1: Introduction to CS and Programming Using Python",
  "description": null,
  "file": "/courses/6-100l-introduction-to-cs-and-programming-using-python-fall-2022/6100l-lecture-1-version-2_360p_16_9.mp4",
  "learning_resource_types": ["Lecture Videos"],
  "resource_type": "Video",
  "file_type": "video/mp4",
  "youtube_key":  "xAcTmDO6NTI",
  "captions_file": "/courses/6-100l-introduction-to-cs-and-programming-using-python-fall-2022/1LrNFzx4f4UlMXOcxUUcqK2lCzQpaS-Bc_transcript.webvtt",
  "transcript_file": "/courses/6-100l-introduction-to-cs-and-programming-using-python-fall-2022/1LrNFzx4f4UlMXOcxUUcqK2lCzQpaS-Bc_transcript.pdf",
  "thumbnail_file": "https://img.youtube.com/vi/xAcTmDO6NTI/default.jpg",
  "archive_url": ""}
