{
  "title":"Lecture 19: Inheritance",
  "description": null,
  "file": "/courses/6-100l-introduction-to-cs-and-programming-using-python-fall-2022/6100l-lecture-19-multi-version-2_360p_16_9.mp4",
  "learning_resource_types": ["Lecture Videos"],
  "resource_type": "Video",
  "file_type": "video/mp4",
  "youtube_key":  "rgM7Z9BNm1s",
  "captions_file": "/courses/6-100l-introduction-to-cs-and-programming-using-python-fall-2022/1jicSeVbkfCJ6PQAOsX0o52Z998OZwDoD_transcript.webvtt",
  "transcript_file": "/courses/6-100l-introduction-to-cs-and-programming-using-python-fall-2022/1jicSeVbkfCJ6PQAOsX0o52Z998OZwDoD_transcript.pdf",
  "thumbnail_file": "https://img.youtube.com/vi/rgM7Z9BNm1s/default.jpg",
  "archive_url": ""}
