{
  "title":"Lecture 5: Floats and Approximation Methods",
  "description": null,
  "file": "/courses/6-100l-introduction-to-cs-and-programming-using-python-fall-2022/6100l-lecture-5-multi_360p_16_9.mp4",
  "learning_resource_types": ["Lecture Videos"],
  "resource_type": "Video",
  "file_type": "video/mp4",
  "youtube_key":  "OF2sr5e7PrY",
  "captions_file": "/courses/6-100l-introduction-to-cs-and-programming-using-python-fall-2022/1sdzlNzf_U9Dl1VICMcDzaSFH3WDS2W3x_transcript.webvtt",
  "transcript_file": "/courses/6-100l-introduction-to-cs-and-programming-using-python-fall-2022/1sdzlNzf_U9Dl1VICMcDzaSFH3WDS2W3x_transcript.pdf",
  "thumbnail_file": "https://img.youtube.com/vi/OF2sr5e7PrY/default.jpg",
  "archive_url": ""}
