{
  "title":"Lecture 21: Timing Programs and Counting Operations",
  "description": null,
  "file": "/courses/6-100l-introduction-to-cs-and-programming-using-python-fall-2022/6100l-lecture-21-version-2_360p_16_9.mp4",
  "learning_resource_types": ["Lecture Videos"],
  "resource_type": "Video",
  "file_type": "video/mp4",
  "youtube_key":  "lvp4NfED6K4",
  "captions_file": "/courses/6-100l-introduction-to-cs-and-programming-using-python-fall-2022/1xvoC1C2Y-utkqO-wB9gc4lhFPNpM5Zjj_transcript.webvtt",
  "transcript_file": "/courses/6-100l-introduction-to-cs-and-programming-using-python-fall-2022/1xvoC1C2Y-utkqO-wB9gc4lhFPNpM5Zjj_transcript.pdf",
  "thumbnail_file": "https://img.youtube.com/vi/lvp4NfED6K4/default.jpg",
  "archive_url": ""}
