{
  "title":"Lecture 4: Loops over Strings, Guess-and-Check, and Binary",
  "description": null,
  "file": "/courses/6-100l-introduction-to-cs-and-programming-using-python-fall-2022/6100l-lecture-4-multi_360p_16_9.mp4",
  "learning_resource_types": ["Lecture Videos"],
  "resource_type": "Video",
  "file_type": "video/mp4",
  "youtube_key":  "fWNZAw5Bmco",
  "captions_file": "/courses/6-100l-introduction-to-cs-and-programming-using-python-fall-2022/1SVVezlb4h8tA4fKRJ41pWjsyaqdGdXvs_transcript.webvtt",
  "transcript_file": "/courses/6-100l-introduction-to-cs-and-programming-using-python-fall-2022/1SVVezlb4h8tA4fKRJ41pWjsyaqdGdXvs_transcript.pdf",
  "thumbnail_file": "https://img.youtube.com/vi/fWNZAw5Bmco/default.jpg",
  "archive_url": ""}
