{
  "title":"Lecture 17: Python Classes",
  "description": null,
  "file": "/courses/6-100l-introduction-to-cs-and-programming-using-python-fall-2022/6100l-lecture-17-version-2_360p_16_9.mp4",
  "learning_resource_types": ["Lecture Videos"],
  "resource_type": "Video",
  "file_type": "video/mp4",
  "youtube_key":  "tsMrUdynbQQ",
  "captions_file": "/courses/6-100l-introduction-to-cs-and-programming-using-python-fall-2022/1jlgqPffb0jTD1GJmYxnukqh0qw6RY0Wv_transcript.webvtt",
  "transcript_file": "/courses/6-100l-introduction-to-cs-and-programming-using-python-fall-2022/1jlgqPffb0jTD1GJmYxnukqh0qw6RY0Wv_transcript.pdf",
  "thumbnail_file": "https://img.youtube.com/vi/tsMrUdynbQQ/default.jpg",
  "archive_url": ""}
