{
  "title":"Lecture 20: Fitness Tracker Object-Oriented Programming Example",
  "description": null,
  "file": "/courses/6-100l-introduction-to-cs-and-programming-using-python-fall-2022/6100l-lecture-20-version-2_360p_16_9.mp4",
  "learning_resource_types": ["Lecture Videos"],
  "resource_type": "Video",
  "file_type": "video/mp4",
  "youtube_key":  "-wyc5FwzkcM",
  "captions_file": "/courses/6-100l-introduction-to-cs-and-programming-using-python-fall-2022/1l8mjRn1hi9LyjpsOLlLbZwxdsseNS_va_transcript.webvtt",
  "transcript_file": "/courses/6-100l-introduction-to-cs-and-programming-using-python-fall-2022/1l8mjRn1hi9LyjpsOLlLbZwxdsseNS_va_transcript.pdf",
  "thumbnail_file": "https://img.youtube.com/vi/-wyc5FwzkcM/default.jpg",
  "archive_url": ""}
