{
  "title":"Lecture 24: Sorting Algorithms",
  "description": null,
  "file": "/courses/6-100l-introduction-to-cs-and-programming-using-python-fall-2022/6100l-lecture-24-version-2_360p_16_9.mp4",
  "learning_resource_types": ["Lecture Videos"],
  "resource_type": "Video",
  "file_type": "video/mp4",
  "youtube_key":  "R8Rw9mIa7JQ",
  "captions_file": "/courses/6-100l-introduction-to-cs-and-programming-using-python-fall-2022/1VUHQTtGcGveZjWvzAwGFp2hH-QuimE7-_transcript.webvtt",
  "transcript_file": "/courses/6-100l-introduction-to-cs-and-programming-using-python-fall-2022/1VUHQTtGcGveZjWvzAwGFp2hH-QuimE7-_transcript.pdf",
  "thumbnail_file": "https://img.youtube.com/vi/R8Rw9mIa7JQ/default.jpg",
  "archive_url": ""}
